{
  "_format": "hh-sol-cache-2",
  "files": {
    "C:\\temp\\votingblockchain\\contracts\\ETIToken.sol": {
      "lastModificationDate": 1760818718314,
      "contentHash": "da5d8e8207d7a580b4d91d2d0276688c",
      "sourceName": "contracts/ETIToken.sol",
      "solcConfig": {
        "version": "0.8.11",
        "settings": {
          "optimizer": {
            "enabled": false,
            "runs": 200
          },
          "outputSelection": {
            "*": {
              "*": [
                "abi",
                "evm.bytecode",
                "evm.deployedBytecode",
                "evm.methodIdentifiers",
                "metadata"
              ],
              "": [
                "ast"
              ]
            }
          }
        }
      },
      "imports": [],
      "versionPragmas": [
        "^0.8.0"
      ],
      "artifacts": [
        "ETIToken"
      ]
    },
    "C:\\temp\\votingblockchain\\contracts\\Voting.sol": {
      "lastModificationDate": 1760817015026,
      "contentHash": "c36b4d4f297afb2e308c7296b141c7da",
      "sourceName": "contracts/Voting.sol",
      "solcConfig": {
        "version": "0.8.11",
        "settings": {
          "optimizer": {
            "enabled": false,
            "runs": 200
          },
          "outputSelection": {
            "*": {
              "*": [
                "abi",
                "evm.bytecode",
                "evm.deployedBytecode",
                "evm.methodIdentifiers",
                "metadata"
              ],
              "": [
                "ast"
              ]
            }
          }
        }
      },
      "imports": [],
      "versionPragmas": [
        "^0.8.0"
      ],
      "artifacts": [
        "IETIToken",
        "MerkleProof",
        "Voting"
      ]
    }
  }
}
